d_visit,days_visit,staffID,siteID,pid,FormName,versionNbr,ratid,d_arrive,days_arrive,batchnumber,d_reverselight,days_reverselight,d_birth,days_birth,sex,weight,cagenumber,comments
14-Jun-18,44,1282,930,10016716,Animal Registration,1,1,1-May-18,0,1,1-May-18,0,Jan-18,-120,1,165.4,858552,
14-Jun-18,44,1282,930,10016988,Animal Registration,1,2,1-May-18,0,1,1-May-18,0,Jan-18,-120,1,180.2,858552,
14-Jun-18,44,1282,930,10017011,Animal Registration,1,3,1-May-18,0,1,1-May-18,0,Jan-18,-120,1,189.2,858553,
14-Jun-18,44,1282,930,10017283,Animal Registration,1,4,1-May-18,0,1,1-May-18,0,Jan-18,-120,1,165.25,858553,
14-Jun-18,44,1282,930,10017364,Animal Registration,1,5,1-May-18,0,1,1-May-18,0,Jan-18,-120,1,174.9,858554,
14-Jun-18,44,1282,930,10017445,Animal Registration,1,6,1-May-18,0,1,1-May-18,0,Jan-18,-120,1,165.4,858554,
14-Jun-18,44,1282,930,10017607,Animal Registration,1,8,1-May-18,0,1,1-May-18,0,Jan-18,-120,1,178.85,858555,
14-Jun-18,44,1282,930,10017798,Animal Registration,1,9,1-May-18,0,1,1-May-18,0,Jan-18,-120,1,186.6,858558,
14-Jun-18,44,1282,930,10017879,Animal Registration,1,10,1-May-18,0,1,1-May-18,0,Jan-18,-120,1,164.8,858558,
14-Jun-18,44,1282,930,10018093,Animal Registration,1,11,1-May-18,0,1,1-May-18,0,Jan-18,-120,1,178.75,858557,
14-Jun-18,44,1282,930,10018174,Animal Registration,1,12,1-May-18,0,1,1-May-18,0,Jan-18,-120,1,180.1,858557,
14-Jun-18,44,1282,930,10018255,Animal Registration,1,13,1-May-18,0,1,1-May-18,0,Jan-18,-120,1,176.35,858556,
14-Jun-18,44,1282,930,10018336,Animal Registration,1,14,1-May-18,0,1,1-May-18,0,Jan-18,-120,1,166.55,858556,
14-Jun-18,44,1282,930,10018417,Animal Registration,1,15,1-May-18,0,1,1-May-18,0,Jan-18,-120,1,162.1,858562,
14-Jun-18,44,1282,930,10018689,Animal Registration,1,16,1-May-18,0,1,1-May-18,0,Jan-18,-120,2,364.75,858568,
14-Jun-18,44,1282,930,10018840,Animal Registration,1,17,1-May-18,0,1,1-May-18,0,Jan-18,-120,2,383.05,858568,
14-Jun-18,44,1282,930,10018921,Animal Registration,1,18,1-May-18,0,1,1-May-18,0,Jan-18,-120,2,356.15,858569,
14-Jun-18,44,1282,930,10019065,Animal Registration,1,19,1-May-18,0,1,1-May-18,0,Jan-18,-120,2,350,858569,
14-Jun-18,44,1282,930,10019146,Animal Registration,1,20,1-May-18,0,1,1-May-18,0,Jan-18,-120,2,348.4,858570,
14-Jun-18,44,1282,930,10019227,Animal Registration,1,21,1-May-18,0,1,1-May-18,0,Jan-18,-120,2,344.1,858570,
14-Jun-18,44,1282,930,10019499,Animal Registration,1,23,1-May-18,0,1,1-May-18,0,Jan-18,-120,2,376.3,858571,
14-Jun-18,44,1282,930,10019650,Animal Registration,1,24,1-May-18,0,1,1-May-18,0,Jan-18,-120,2,327.45,858572,
14-Jun-18,44,1282,930,10019731,Animal Registration,1,25,1-May-18,0,1,1-May-18,0,Jan-18,-120,2,363.35,858572,
14-Jun-18,44,1282,930,10019812,Animal Registration,1,26,1-May-18,0,1,1-May-18,0,Jan-18,-120,2,339.65,858574,
14-Jun-18,44,1282,930,10020071,Animal Registration,1,27,1-May-18,0,1,1-May-18,0,Jan-18,-120,2,368.85,858574,
14-Jun-18,44,1282,930,10020152,Animal Registration,1,28,1-May-18,0,1,1-May-18,0,Jan-18,-120,2,361.1,858573,
14-Jun-18,44,1282,930,10020233,Animal Registration,1,29,1-May-18,0,1,1-May-18,0,Jan-18,-120,2,354,858573,
14-Jun-18,44,1282,930,10020314,Animal Registration,1,30,1-May-18,0,1,1-May-18,0,Jan-18,-120,2,321.35,858563,
14-Jun-18,2,1282,930,10020586,Animal Registration,1,31,12-Jun-18,0,1,12-Jun-18,0,Jan-18,-162,1,166.95,869410,
14-Jun-18,2,1282,930,10020667,Animal Registration,1,32,12-Jun-18,0,1,12-Jun-18,0,Jan-18,-162,1,173.55,869410,
14-Jun-18,2,1282,930,10020748,Animal Registration,1,33,12-Jun-18,0,1,12-Jun-18,0,Jan-18,-162,1,179.2,869411,
14-Jun-18,2,1282,930,10020829,Animal Registration,1,34,12-Jun-18,0,1,12-Jun-18,0,Jan-18,-162,1,175.15,869411,
14-Jun-18,2,1282,930,10021043,Animal Registration,1,35,12-Jun-18,0,1,12-Jun-18,0,Jan-18,-162,1,173.75,869412,
14-Jun-18,2,1282,930,10021205,Animal Registration,1,37,12-Jun-18,0,1,12-Jun-18,0,Jan-18,-162,1,177.65,869413,
14-Jun-18,2,1282,930,10021396,Animal Registration,1,38,12-Jun-18,0,1,12-Jun-18,0,Jan-18,-162,1,174.9,869413,
14-Jun-18,2,1282,930,10021477,Animal Registration,1,39,12-Jun-18,0,1,12-Jun-18,0,Jan-18,-162,1,182.85,869414,
14-Jun-18,2,1282,930,10021558,Animal Registration,1,40,12-Jun-18,0,1,12-Jun-18,0,Jan-18,-162,1,182.1,869414,
14-Jun-18,2,1282,930,10021639,Animal Registration,1,41,12-Jun-18,0,1,12-Jun-18,0,Jan-18,-162,1,180.7,869415,
14-Jun-18,2,1282,930,10022015,Animal Registration,1,43,12-Jun-18,0,1,12-Jun-18,0,Jan-18,-162,1,182.1,870312,
14-Jun-18,2,1282,930,10022287,Animal Registration,1,44,12-Jun-18,0,1,12-Jun-18,0,Jan-18,-162,1,166.2,869416,
14-Jun-18,2,1282,930,10022368,Animal Registration,1,45,12-Jun-18,0,1,12-Jun-18,0,Jan-18,-162,1,171.95,869417,
14-Jun-18,2,1282,930,10022449,Animal Registration,1,46,12-Jun-18,0,1,12-Jun-18,0,Jan-18,-162,2,305,869419,
14-Jun-18,2,1282,930,10022600,Animal Registration,1,47,12-Jun-18,0,1,12-Jun-18,0,Jan-18,-162,2,305.15,869420,
14-Jun-18,2,1282,930,10022791,Animal Registration,1,48,12-Jun-18,0,1,12-Jun-18,0,Jan-18,-162,2,315,869421,
14-Jun-18,2,1282,930,10022872,Animal Registration,1,49,12-Jun-18,0,1,12-Jun-18,0,Jan-18,-162,2,329.1,869422,
14-Jun-18,2,1282,930,10022953,Animal Registration,1,50,12-Jun-18,0,1,12-Jun-18,0,Jan-18,-162,2,335.75,869423,
14-Jun-18,2,1282,930,10023097,Animal Registration,1,51,12-Jun-18,0,1,12-Jun-18,0,Jan-18,-162,2,317.55,869424,
14-Jun-18,2,1282,930,10023410,Animal Registration,1,53,12-Jun-18,0,1,12-Jun-18,0,Jan-18,-162,2,317.3,869418,
14-Jun-18,2,1282,930,10023682,Animal Registration,1,54,12-Jun-18,0,1,12-Jun-18,0,Jan-18,-162,2,337.45,870313,
14-Jun-18,2,1282,930,10023844,Animal Registration,1,56,12-Jun-18,0,1,12-Jun-18,0,Jan-18,-162,2,318.3,870315,
14-Jun-18,2,1282,930,10023925,Animal Registration,1,57,12-Jun-18,0,1,12-Jun-18,0,Jan-18,-162,2,327.4,870316,
14-Jun-18,2,1282,930,10024069,Animal Registration,1,58,12-Jun-18,0,1,12-Jun-18,0,Jan-18,-162,2,356.5,870317,
14-Jun-18,2,1282,930,10024220,Animal Registration,1,59,12-Jun-18,0,1,12-Jun-18,0,Jan-18,-162,2,357.25,870318,
14-Jun-18,2,1282,930,10024301,Animal Registration,1,60,12-Jun-18,0,1,12-Jun-18,0,Jan-18,-162,2,336.6,870319,
19-Jun-18,49,1293,910,10028056,Animal Registration,1,1,1-May-18,0,1,1-May-18,0,Jan-18,-120,2,349,1M,
19-Jun-18,49,1293,910,10028137,Animal Registration,1,2,1-May-18,0,1,1-May-18,0,Jan-18,-120,2,345,1M,
19-Jun-18,49,1293,910,10028560,Animal Registration,1,4,1-May-18,0,1,1-May-18,0,Jan-18,-120,2,376,2M,
19-Jun-18,49,1293,910,10028641,Animal Registration,1,5,1-May-18,0,1,1-May-18,0,Jan-18,-120,2,365,2M,
19-Jun-18,49,1293,910,10028722,Animal Registration,1,6,1-May-18,0,1,1-May-18,0,Jan-18,-120,2,322,2M,
19-Jun-18,49,1293,910,10028803,Animal Registration,1,7,1-May-18,0,1,1-May-18,0,Jan-18,-120,2,356,3M,
19-Jun-18,49,1293,910,10028994,Animal Registration,1,8,1-May-18,0,1,1-May-18,0,Jan-18,-120,2,384,3M,
19-Jun-18,49,1293,910,10029028,Animal Registration,1,9,1-May-18,0,1,1-May-18,0,Jan-18,-120,2,345,3M,
19-Jun-18,49,1293,910,10029109,Animal Registration,1,10,1-May-18,0,1,1-May-18,0,Jan-18,-120,2,362,4M,
19-Jun-18,49,1293,910,10029370,Animal Registration,1,11,1-May-18,0,1,1-May-18,0,Jan-18,-120,2,320,4M,
19-Jun-18,49,1293,910,10029451,Animal Registration,1,12,1-May-18,0,1,1-May-18,0,Jan-18,-120,2,324,4M,
19-Jun-18,49,1293,910,10029532,Animal Registration,1,13,1-May-18,0,1,1-May-18,0,Jan-18,-120,2,331,5M,
19-Jun-18,49,1293,910,10029613,Animal Registration,1,14,1-May-18,0,1,1-May-18,0,Jan-18,-120,2,313,5M,
19-Jun-18,49,1293,910,10029885,Animal Registration,1,15,1-May-18,0,1,1-May-18,0,Jan-18,-120,2,346,5M,
19-Jun-18,49,1293,910,10029966,Animal Registration,1,16,1-May-18,0,1,1-May-18,0,Jan-18,-120,1,191,1F,
19-Jun-18,49,1293,910,10030034,Animal Registration,1,17,1-May-18,0,1,1-May-18,0,Jan-18,-120,1,184,1F,
19-Jun-18,49,1293,910,10030387,Animal Registration,1,19,1-May-18,0,1,1-May-18,0,Jan-18,-120,1,183,2F,
19-Jun-18,49,1293,910,10030468,Animal Registration,1,20,1-May-18,0,1,1-May-18,0,Jan-18,-120,1,183,2F,
19-Jun-18,49,1293,910,10030549,Animal Registration,1,21,1-May-18,0,1,1-May-18,0,Jan-18,-120,1,174,3F,
19-Jun-18,49,1293,910,10030700,Animal Registration,1,22,1-May-18,0,1,1-May-18,0,Jan-18,-120,1,191,3F,
19-Jun-18,49,1293,910,10030891,Animal Registration,1,23,1-May-18,0,1,1-May-18,0,Jan-18,-120,1,178,4F,
19-Jun-18,49,1293,910,10030972,Animal Registration,1,24,1-May-18,0,1,1-May-18,0,Jan-18,-120,1,173,4F,
19-Jun-18,49,1293,910,10031006,Animal Registration,1,25,1-May-18,0,1,1-May-18,0,Jan-18,-120,1,182,4F,
19-Jun-18,49,1293,910,10031197,Animal Registration,1,26,1-May-18,0,1,1-May-18,0,Jan-18,-120,1,180,5F,
19-Jun-18,49,1293,910,10031278,Animal Registration,1,27,1-May-18,0,1,1-May-18,0,Jan-18,-120,1,174,5F,
19-Jun-18,49,1293,910,10031359,Animal Registration,1,28,1-May-18,0,1,1-May-18,0,Jan-18,-120,1,178,5F,
19-Jun-18,49,1293,910,10031510,Animal Registration,1,29,1-May-18,0,1,1-May-18,0,Jan-18,-120,1,180,6F,
19-Jun-18,49,1293,910,10031782,Animal Registration,1,30,1-May-18,0,1,1-May-18,0,Jan-18,-120,1,188,6F,
19-Jun-18,14,1293,910,10031863,Animal Registration,1,31,5-Jun-18,0,2,5-Jun-18,0,Jan-18,-155,2,363,6M,
19-Jun-18,14,1293,910,10031944,Animal Registration,1,32,5-Jun-18,0,2,5-Jun-18,0,Jan-18,-155,2,316,6M,
19-Jun-18,14,1293,910,10032088,Animal Registration,1,33,5-Jun-18,0,2,5-Jun-18,0,Jan-18,-155,2,347,6M,
19-Jun-18,14,1293,910,10032169,Animal Registration,1,34,5-Jun-18,0,2,5-Jun-18,0,Jan-18,-155,2,358,7M,
19-Jun-18,14,1293,910,10032401,Animal Registration,1,36,5-Jun-18,0,2,5-Jun-18,0,Jan-18,-155,2,334,7M,
19-Jun-18,14,1293,910,10032592,Animal Registration,1,37,5-Jun-18,0,2,5-Jun-18,0,Jan-18,-155,2,352,8M,
19-Jun-18,14,1293,910,10032673,Animal Registration,1,38,5-Jun-18,0,2,5-Jun-18,0,Jan-18,-155,2,363,8M,
19-Jun-18,14,1293,910,10032754,Animal Registration,1,39,5-Jun-18,0,2,5-Jun-18,0,Jan-18,-155,2,350,8M,
19-Jun-18,14,1293,910,10032835,Animal Registration,1,40,5-Jun-18,0,2,5-Jun-18,0,Jan-18,-155,2,340,9M,
19-Jun-18,14,1293,910,10033130,Animal Registration,1,42,5-Jun-18,0,2,5-Jun-18,0,Jan-18,-155,2,347,9M,
19-Jun-18,14,1293,910,10033211,Animal Registration,1,43,5-Jun-18,0,2,5-Jun-18,0,Jan-18,-155,2,333,10M,
19-Jun-18,14,1293,910,10033483,Animal Registration,1,44,5-Jun-18,0,2,5-Jun-18,0,Jan-18,-155,2,304,10M,
19-Jun-18,14,1293,910,10033564,Animal Registration,1,45,5-Jun-18,0,2,5-Jun-18,0,Jan-18,-155,2,365,10M,
19-Jun-18,14,1293,910,10033645,Animal Registration,1,46,5-Jun-18,0,2,5-Jun-18,0,Jan-18,-155,1,184,7F,
19-Jun-18,14,1293,910,10033726,Animal Registration,1,47,5-Jun-18,0,2,5-Jun-18,0,Jan-18,-155,1,187,7F,
19-Jun-18,14,1293,910,10033807,Animal Registration,1,48,5-Jun-18,0,2,5-Jun-18,0,Jan-18,-155,1,179,8F,
19-Jun-18,14,1293,910,10033998,Animal Registration,1,49,5-Jun-18,0,2,5-Jun-18,0,Jan-18,-155,1,185,8F,
19-Jun-18,14,1293,910,10034021,Animal Registration,1,50,5-Jun-18,0,2,5-Jun-18,0,Jan-18,-155,1,182,8F,
19-Jun-18,14,1293,910,10034293,Animal Registration,1,52,5-Jun-18,0,2,5-Jun-18,0,Jan-18,-155,1,178,9F,
19-Jun-18,14,1293,910,10034374,Animal Registration,1,53,5-Jun-18,0,2,5-Jun-18,0,Jan-18,-155,1,189,10F,
19-Jun-18,14,1293,910,10034455,Animal Registration,1,54,5-Jun-18,0,2,5-Jun-18,0,Jan-18,-155,1,175,10F,
19-Jun-18,14,1293,910,10034536,Animal Registration,1,55,5-Jun-18,0,2,5-Jun-18,0,Jan-18,-155,1,176,10F,
19-Jun-18,14,1293,910,10034889,Animal Registration,1,57,5-Jun-18,0,2,5-Jun-18,0,Jan-18,-155,1,183,11F,
19-Jun-18,14,1293,910,10035184,Animal Registration,1,58,5-Jun-18,0,2,5-Jun-18,0,Jan-18,-155,1,197,12F,
19-Jun-18,14,1293,910,10035265,Animal Registration,1,59,5-Jun-18,0,2,5-Jun-18,0,Jan-18,-155,1,198,12F,
19-Jun-18,14,1293,910,10035346,Animal Registration,1,60,5-Jun-18,0,2,5-Jun-18,0,Jan-18,-155,1,193,12F,
23-Aug-18,30,1282,930,10049991,Animal Registration,1,61,24-Jul-18,0,2,24-Jul-18,0,Mar-18,-145,1,184,880770,880770-Black
23-Aug-18,30,1282,930,10055886,Animal Registration,1,63,24-Jul-18,0,2,24-Jul-18,0,Mar-18,-145,1,174,880771,"880771-Black
"
24-Aug-18,52,1293,910,10072977,Animal Registration,1,62,3-Jul-18,0,3,3-Jul-18,0,Mar-18,-124,2,323,11M,
24-Aug-18,52,1293,910,10073515,Animal Registration,1,63,3-Jul-18,0,3,3-Jul-18,0,Mar-18,-124,2,319,11M,
23-Aug-18,30,1282,930,10079475,Animal Registration,1,64,24-Jul-18,0,2,24-Jul-18,0,Mar-18,-145,1,178,880771,"880771-Red
"
23-Aug-18,30,1282,930,10082182,Animal Registration,1,65,24-Jul-18,0,2,24-Jul-18,0,Mar-18,-145,1,184,880777,
24-Aug-18,52,1293,910,10090010,Animal Registration,1,65,3-Jul-18,0,3,3-Jul-18,0,Mar-18,-124,2,330,12M,
23-Aug-18,30,1282,930,10097104,Animal Registration,1,66,24-Jul-18,0,2,24-Jul-18,0,Mar-18,-145,1,201,880776,
24-Aug-18,52,1293,910,10123636,Animal Registration,1,67,3-Jul-18,0,3,3-Jul-18,0,Mar-18,-124,2,328,13M,
23-Aug-18,30,1282,930,10137939,Animal Registration,1,68,24-Jul-18,0,2,24-Jul-18,0,Mar-18,-145,1,173,880772,"880772-Black
"
24-Aug-18,52,1293,910,10158189,Animal Registration,1,68,3-Jul-18,0,3,3-Jul-18,0,Mar-18,-124,2,359,13M,
23-Aug-18,30,1282,930,10163263,Animal Registration,1,69,24-Jul-18,0,2,24-Jul-18,0,Mar-18,-145,1,168,880772,"880772-Red
"
24-Aug-18,52,1293,910,10167684,Animal Registration,1,69,3-Jul-18,0,3,3-Jul-18,0,Mar-18,-124,2,335,13M,
24-Aug-18,52,1293,910,10167846,Animal Registration,1,70,3-Jul-18,0,3,3-Jul-18,0,Mar-18,-124,2,358,14M,
23-Aug-18,30,1282,930,10181083,Animal Registration,1,70,24-Jul-18,0,2,24-Jul-18,0,Mar-18,-145,1,190,880773,"880773-Black
"
24-Aug-18,52,1293,910,10186123,Animal Registration,1,71,3-Jul-18,0,3,3-Jul-18,0,Mar-18,-124,2,351,14M,
24-Aug-18,52,1293,910,10192794,Animal Registration,1,72,3-Jul-18,0,3,3-Jul-18,0,Mar-18,-124,2,349,14M,
24-Aug-18,52,1293,910,10193170,Animal Registration,1,73,3-Jul-18,0,3,3-Jul-18,0,Mar-18,-124,2,328,15M,
23-Aug-18,30,1282,930,10197249,Animal Registration,1,72,24-Jul-18,0,2,24-Jul-18,0,Mar-18,-145,1,184,880774,"880774-Black
"
24-Aug-18,52,1293,910,10200053,Animal Registration,1,74,3-Jul-18,0,3,3-Jul-18,0,Mar-18,-124,2,340,15M,
24-Aug-18,52,1293,910,10207570,Animal Registration,1,75,3-Jul-18,0,3,3-Jul-18,0,Mar-18,-124,2,319,15M,
24-Aug-18,52,1293,910,10225986,Animal Registration,1,76,3-Jul-18,0,3,3-Jul-18,0,Mar-18,-124,1,157,13F,
24-Aug-18,52,1293,910,10231870,Animal Registration,1,77,3-Jul-18,0,3,3-Jul-18,0,Mar-18,-124,1,168,13F,
23-Aug-18,30,1282,930,10241086,Animal Registration,1,73,24-Jul-18,0,2,24-Jul-18,0,Mar-18,-145,1,169,880774,"880774-Red
"
23-Aug-18,30,1282,930,10250077,Animal Registration,1,74,24-Jul-18,0,2,24-Jul-18,0,Mar-18,-145,1,176,880775,"880775-Black
"
23-Aug-18,30,1282,930,10256350,Animal Registration,1,75,24-Jul-18,0,2,24-Jul-18,0,Mar-18,-145,1,186,880775,"880775-Red
"
23-Aug-18,30,1282,930,10258647,Animal Registration,1,76,24-Jul-18,0,2,24-Jul-18,0,Mar-18,-145,2,300,882532,
23-Aug-18,30,1282,930,10260978,Animal Registration,1,77,24-Jul-18,0,2,24-Jul-18,0,Mar-18,-145,2,376.1,882538,
24-Aug-18,52,1293,910,10267395,Animal Registration,1,78,3-Jul-18,0,3,3-Jul-18,0,Mar-18,-124,1,167,14F,
23-Aug-18,30,1282,930,10273360,Animal Registration,1,78,24-Jul-18,0,2,24-Jul-18,0,Mar-18,-145,2,327.55,880778,
24-Aug-18,52,1293,910,10274847,Animal Registration,1,79,3-Jul-18,0,3,3-Jul-18,0,Mar-18,-124,1,175,14F,
23-Aug-18,30,1282,930,10275819,Animal Registration,1,79,24-Jul-18,0,2,24-Jul-18,0,Mar-18,-145,2,342,880781,
24-Aug-18,52,1293,910,10276548,Animal Registration,1,80,3-Jul-18,0,3,3-Jul-18,0,Mar-18,-124,1,168,14F,
24-Aug-18,52,1293,910,10284214,Animal Registration,1,81,3-Jul-18,0,3,3-Jul-18,0,Mar-18,-124,1,172,15F,
23-Aug-18,30,1282,930,10288635,Animal Registration,1,80,24-Jul-18,0,2,24-Jul-18,0,Mar-18,-145,2,315,882535,
24-Aug-18,52,1293,910,10294368,Animal Registration,1,82,3-Jul-18,0,3,3-Jul-18,0,Mar-18,-124,1,172,15F,
23-Aug-18,30,1282,930,10294872,Animal Registration,1,81,24-Jul-18,0,2,24-Jul-18,0,Mar-18,-145,2,356,880782,
23-Aug-18,30,1282,930,10296573,Animal Registration,1,82,24-Jul-18,0,2,24-Jul-18,0,Mar-18,-145,2,316,880783,
23-Aug-18,30,1282,930,10297030,Animal Registration,1,83,24-Jul-18,0,2,24-Jul-18,0,Mar-18,-145,2,351,880785,
23-Aug-18,30,1282,930,10299165,Animal Registration,1,84,24-Jul-18,0,2,24-Jul-18,0,Mar-18,-145,2,299,880780,
24-Aug-18,52,1293,910,10305742,Animal Registration,1,83,3-Jul-18,0,3,3-Jul-18,0,Mar-18,-124,1,184,16F,
24-Aug-18,52,1293,910,10314652,Animal Registration,1,84,3-Jul-18,0,3,3-Jul-18,0,Mar-18,-124,1,179,16F,
24-Aug-18,52,1293,910,10315705,Animal Registration,1,85,3-Jul-18,0,3,3-Jul-18,0,Mar-18,-124,1,192,16F,
24-Aug-18,52,1293,910,10316787,Animal Registration,1,86,3-Jul-18,0,3,3-Jul-18,0,Mar-18,-124,1,169,17F,
23-Aug-18,30,1282,930,10319107,Animal Registration,1,85,24-Jul-18,0,2,24-Jul-18,0,Mar-18,-145,2,311,880784,
24-Aug-18,52,1293,910,10319530,Animal Registration,1,87,3-Jul-18,0,3,3-Jul-18,0,Mar-18,-124,1,175,17F,
24-Aug-18,52,1293,910,10320032,Animal Registration,1,88,3-Jul-18,0,3,3-Jul-18,0,Mar-18,-124,1,161,18F,
23-Aug-18,30,1282,930,10321195,Animal Registration,1,86,24-Jul-18,0,2,24-Jul-18,0,Mar-18,-145,2,365.3,882533,
24-Aug-18,52,1293,910,10327398,Animal Registration,1,89,3-Jul-18,0,3,3-Jul-18,0,Mar-18,-124,1,177,18F,
24-Aug-18,52,1293,910,10333797,Animal Registration,1,90,3-Jul-18,0,3,3-Jul-18,0,Mar-18,-124,1,187,18F,
23-Aug-18,30,1282,930,10336974,Animal Registration,1,88,24-Jul-18,0,2,24-Jul-18,0,Mar-18,-145,2,305,882536,
23-Aug-18,30,1282,930,10341625,Animal Registration,1,89,24-Jul-18,0,2,24-Jul-18,0,Mar-18,-145,2,345.8,882537,
24-Aug-18,15,1293,910,10346422,Animal Registration,1,91,9-Aug-18,0,4,9-Aug-18,0,Mar-18,-161,2,340,16M,
24-Aug-18,15,1293,910,10350535,Animal Registration,1,92,9-Aug-18,0,4,9-Aug-18,0,Mar-18,-161,2,346,16M,
23-Aug-18,30,1282,930,10357629,Animal Registration,1,90,24-Jul-18,0,2,24-Jul-18,0,Mar-18,-145,2,368.25,880779,
23-Aug-18,9,1282,930,10362703,Animal Registration,1,91,14-Aug-18,0,2,14-Aug-18,0,Mar-18,-166,1,174,886859,
24-Aug-18,15,1293,910,10362894,Animal Registration,1,93,9-Aug-18,0,4,9-Aug-18,0,Mar-18,-161,2,336,16M,
23-Aug-18,9,1282,930,10366024,Animal Registration,1,92,14-Aug-18,0,2,14-Aug-18,0,Mar-18,-166,1,165,886860,"886860-Black
"
24-Aug-18,15,1293,910,10366458,Animal Registration,1,94,9-Aug-18,0,4,9-Aug-18,0,Mar-18,-161,2,331,17M,
24-Aug-18,15,1293,910,10367934,Animal Registration,1,95,9-Aug-18,0,4,9-Aug-18,0,Mar-18,-161,2,344,17M,
24-Aug-18,15,1293,910,10372776,Animal Registration,1,96,9-Aug-18,0,4,9-Aug-18,0,Mar-18,-161,2,351,17M,
24-Aug-18,15,1293,910,10378111,Animal Registration,1,97,9-Aug-18,0,4,9-Aug-18,0,Mar-18,-161,2,356,18M,
23-Aug-18,9,1282,930,10383387,Animal Registration,1,93,14-Aug-18,0,2,14-Aug-18,0,Mar-18,-166,1,203,886860,"886860-Red
"
23-Aug-18,9,1282,930,10396799,Animal Registration,1,94,14-Aug-18,0,2,14-Aug-18,0,Mar-18,-166,1,169,886883,"886883-Black
"
24-Aug-18,15,1293,910,10401709,Animal Registration,1,98,9-Aug-18,0,4,9-Aug-18,0,Mar-18,-161,2,331,18M,
24-Aug-18,15,1293,910,10408479,Animal Registration,1,99,9-Aug-18,0,4,9-Aug-18,0,Mar-18,-161,2,354,18M,
24-Aug-18,15,1293,910,10410961,Animal Registration,1,100,9-Aug-18,0,4,9-Aug-18,0,Mar-18,-161,2,287,19M,
23-Aug-18,9,1282,930,10416307,Animal Registration,1,95,14-Aug-18,0,2,14-Aug-18,0,Mar-18,-166,1,174,886883,"886883-Red
"
24-Aug-18,15,1293,910,10420258,Animal Registration,1,101,9-Aug-18,0,4,9-Aug-18,0,Mar-18,-161,2,343,19M,
24-Aug-18,15,1293,910,10423788,Animal Registration,1,102,9-Aug-18,0,4,9-Aug-18,0,Mar-18,-161,2,371,19M,
24-Aug-18,15,1293,910,10425993,Animal Registration,1,103,9-Aug-18,0,4,9-Aug-18,0,Mar-18,-161,2,309,20M,
24-Aug-18,15,1293,910,10428585,Animal Registration,1,104,9-Aug-18,0,4,9-Aug-18,0,Mar-18,-161,2,346,20M,
23-Aug-18,9,1282,930,10433317,Animal Registration,1,96,14-Aug-18,0,2,14-Aug-18,0,Mar-18,-166,1,173.15,886884,"886884-Black
"
24-Aug-18,15,1293,910,10436847,Animal Registration,1,105,9-Aug-18,0,4,9-Aug-18,0,Mar-18,-161,2,318,20M,
23-Aug-18,9,1282,930,10441093,Animal Registration,1,97,14-Aug-18,0,2,14-Aug-18,0,Mar-18,-166,1,185,886884,"886884-Red
"
24-Aug-18,15,1293,910,10457763,Animal Registration,1,107,9-Aug-18,0,4,9-Aug-18,0,Mar-18,-161,1,171,19F,
24-Aug-18,15,1293,910,10458816,Animal Registration,1,108,9-Aug-18,0,4,9-Aug-18,0,Mar-18,-161,1,172,20F,
24-Aug-18,15,1293,910,10460632,Animal Registration,1,109,9-Aug-18,0,4,9-Aug-18,0,Mar-18,-161,1,161,20F,
23-Aug-18,9,1282,930,10461280,Animal Registration,1,98,14-Aug-18,0,2,14-Aug-18,0,Mar-18,-166,1,162,886885,"886885-Black
"
23-Aug-18,9,1282,930,10463577,Animal Registration,1,99,14-Aug-18,0,2,14-Aug-18,0,Mar-18,-166,1,163,886885,"886885-Red
"
24-Aug-18,15,1293,910,10463658,Animal Registration,1,110,9-Aug-18,0,4,9-Aug-18,0,Mar-18,-161,1,179,20F,
23-Aug-18,9,1282,930,10466673,Animal Registration,1,100,14-Aug-18,0,2,14-Aug-18,0,Mar-18,-166,1,171,886858,
23-Aug-18,9,1282,930,10474269,Animal Registration,1,101,14-Aug-18,0,2,14-Aug-18,0,Mar-18,-166,1,179,886887,"886887-Black
"
23-Aug-18,9,1282,930,10477012,Animal Registration,1,102,14-Aug-18,0,2,14-Aug-18,0,Mar-18,-166,1,177,886887,"886887-Red
"
24-Aug-18,10,1282,930,10477284,Animal Registration,1,103,14-Aug-18,0,2,14-Aug-18,0,Mar-18,-166,1,165.65,886886,"886886-Black
"
24-Aug-18,15,1293,910,10484655,Animal Registration,1,111,9-Aug-18,0,4,9-Aug-18,0,Mar-18,-161,1,185,21F,
24-Aug-18,10,1282,930,10493484,Animal Registration,1,104,14-Aug-18,0,2,14-Aug-18,0,Mar-18,-166,1,190,886886,"886886-Red
"
24-Aug-18,10,1282,930,10496904,Animal Registration,1,105,14-Aug-18,0,2,14-Aug-18,0,Mar-18,-166,1,171,889344,
24-Aug-18,15,1293,910,10501843,Animal Registration,1,112,9-Aug-18,0,4,9-Aug-18,0,Mar-18,-161,1,181,21F,
24-Aug-18,15,1293,910,10502653,Animal Registration,1,113,9-Aug-18,0,4,9-Aug-18,0,Mar-18,-161,1,173,22F,
24-Aug-18,10,1282,930,10509070,Animal Registration,1,107,14-Aug-18,0,2,14-Aug-18,0,Mar-18,-166,2,366,886867,
24-Aug-18,15,1293,910,10512969,Animal Registration,1,114,9-Aug-18,0,4,9-Aug-18,0,Mar-18,-161,1,174,22F,
24-Aug-18,10,1282,930,10515984,Animal Registration,1,108,14-Aug-18,0,2,14-Aug-18,0,Mar-18,-166,2,330,886868,
24-Aug-18,15,1293,910,10516603,Animal Registration,1,115,9-Aug-18,0,4,9-Aug-18,0,Mar-18,-161,1,165,22F,
24-Aug-18,10,1282,930,10520716,Animal Registration,1,109,14-Aug-18,0,2,14-Aug-18,0,Mar-18,-166,2,343.55,886869,
24-Aug-18,10,1282,930,10521445,Animal Registration,1,110,14-Aug-18,0,2,14-Aug-18,0,Mar-18,-166,2,341,886870,
24-Aug-18,10,1282,930,10522255,Animal Registration,1,111,14-Aug-18,0,2,14-Aug-18,0,Mar-18,-166,2,304.3,886871,
24-Aug-18,15,1293,910,10528024,Animal Registration,1,116,9-Aug-18,0,4,9-Aug-18,0,Mar-18,-161,1,178,23F,
24-Aug-18,10,1282,930,10528539,Animal Registration,1,112,14-Aug-18,0,2,14-Aug-18,0,Mar-18,-166,2,343,886872,
24-Aug-18,15,1293,910,10532994,Animal Registration,1,117,9-Aug-18,0,4,9-Aug-18,0,Mar-18,-161,1,191,23F,
24-Aug-18,10,1282,930,10534180,Animal Registration,1,113,14-Aug-18,0,2,14-Aug-18,0,Mar-18,-166,2,365,886875,
24-Aug-18,15,1293,910,10535667,Animal Registration,1,119,9-Aug-18,0,4,9-Aug-18,0,Mar-18,-161,1,169,24F,
24-Aug-18,10,1282,930,10540237,Animal Registration,1,114,14-Aug-18,0,2,14-Aug-18,0,Mar-18,-166,2,344,889345,
24-Aug-18,10,1282,930,10550119,Animal Registration,1,115,14-Aug-18,0,2,14-Aug-18,0,Mar-18,-166,2,312.85,889348,
24-Aug-18,10,1282,930,10560777,Animal Registration,1,116,14-Aug-18,0,2,14-Aug-18,0,Mar-18,-166,2,314.95,889347,
24-Aug-18,10,1282,930,10561315,Animal Registration,1,117,14-Aug-18,0,2,14-Aug-18,0,Mar-18,-166,2,335,889349,
24-Aug-18,10,1282,930,10571892,Animal Registration,1,119,14-Aug-18,0,2,14-Aug-18,0,Mar-18,-166,2,342.9,889351,
24-Aug-18,10,1282,930,10574646,Animal Registration,1,120,14-Aug-18,0,2,14-Aug-18,0,Mar-18,-166,2,352.45,889346,